{"reward": 10, "regret": 85, "_timestamp": 1703108045.964255, "_runtime": 71.95829701423645, "_step": 145, "epoch": 72}