{"reward": 10, "regret": 85, "reward_avg": 4.393509127789047, "_timestamp": 1703109997.307459, "_runtime": 72.31232619285583, "_step": 145, "epoch": 72, "_wandb": {"runtime": 598}}