{"reward": 2, "regret": 93, "reward_avg": 5.12, "_timestamp": 1703111966.302173, "_runtime": 12.635311841964722, "_step": 97, "epoch": 48, "_wandb": {"runtime": 13}}