{"reward": 2, "regret": 93, "reward_avg": 4.2, "_timestamp": 1703111028.4667208, "_runtime": 2.524263858795166, "_step": 17, "epoch": 8, "_wandb": {"runtime": 2}}