{"reward": 2, "regret": 93, "reward_avg": 4.2, "_timestamp": 1703110532.8046749, "_runtime": 2.645317792892456, "_step": 17, "epoch": 8, "_wandb": {"runtime": 3}}