{"reward": 2, "regret": 93, "reward_avg": 5.2, "_timestamp": 1703111056.4558332, "_runtime": 3.242403268814087, "_step": 17, "epoch": 8, "_wandb": {"runtime": 638}}