{"reward": 2, "regret": 93, "reward_avg": 4.82, "_timestamp": 1703112034.7484255, "_runtime": 14.093430519104004, "_step": 97, "epoch": 48, "_wandb": {"runtime": 14}}