{"reward": 2, "regret": 93, "reward_avg": 4.2, "_timestamp": 1703111019.1558688, "_runtime": 2.6364657878875732, "_step": 17, "epoch": 8, "_wandb": {"runtime": 2}}