{"reward": 2, "regret": 93, "reward_avg": 5.24, "_timestamp": 1703112069.8975859, "_runtime": 29.049588918685913, "_step": 97, "epoch": 48, "_wandb": {"runtime": 30}}