{"reward": 2, "regret": 93, "reward_avg": 5.1, "_timestamp": 1703111985.4066553, "_runtime": 12.682860374450684, "_step": 97, "epoch": 48, "_wandb": {"runtime": 12}}