{"reward": 10, "regret": 85, "_timestamp": 1703102840.7025626, "_runtime": 77.56306862831116, "_step": 145, "epoch": 72, "_wandb": {"runtime": 5204}}