{"reward": 2, "regret": 93, "reward_avg": 4.52, "_timestamp": 1703112722.645196, "_runtime": 4.609250068664551, "_step": 97, "epoch": 48}