{"reward": 2, "regret": 93, "reward_avg": 4.35, "_timestamp": 1703111738.4925418, "_runtime": 4.723373889923096, "_step": 37, "epoch": 18, "_wandb": {"runtime": 4}}