{"reward": 2, "regret": 93, "reward_avg": 4.95, "_timestamp": 1703111727.4174662, "_runtime": 5.959747076034546, "_step": 37, "epoch": 18, "_wandb": {"runtime": 6}}