{"reward": 2, "regret": 93, "reward_avg": 4.25, "_timestamp": 1703111750.820617, "_runtime": 6.063559055328369, "_step": 37, "epoch": 18}