{"reward": 2, "regret": 93, "reward_avg": 5.22, "_timestamp": 1703112013.291796, "_runtime": 21.62403106689453, "_step": 97, "epoch": 48, "_wandb": {"runtime": 21}}