{"reward": 2, "regret": 93, "reward_avg": 5.0, "_timestamp": 1703111715.1323307, "_runtime": 4.532775640487671, "_step": 37, "epoch": 18, "_wandb": {"runtime": 4}}