{"reward": 2, "regret": 93, "reward_avg": 4.2, "_timestamp": 1703111037.7765543, "_runtime": 3.0807814598083496, "_step": 17, "epoch": 8, "_wandb": {"runtime": 3}}