{"reward": 10, "regret": 85, "_timestamp": 1703102633.2713413, "_runtime": 78.32859230041504, "_step": 145, "epoch": 72, "_wandb": {"runtime": 78}}