{"reward": 10, "regret": 85, "reward_avg": 4.393509127789047, "_timestamp": 1703108268.0758395, "_runtime": 71.75218844413757, "_step": 145, "epoch": 72, "_wandb": {"runtime": 71}}