{"reward": 2, "regret": 93, "reward_avg": 5.0, "_timestamp": 1703111704.391638, "_runtime": 4.472388982772827, "_step": 37, "epoch": 18, "_wandb": {"runtime": 4}}